snapshot_month,pct_30_to_60_roll
2025-02,50.0
2025-03,29.411764705882355
2025-04,18.75
2025-05,39.21568627450981
2025-06,44.827586206896555
2025-07,18.072289156626507
2025-08,34.34343434343434
2025-09,32.846715328467155
2025-10,27.142857142857142
2025-11,45.93023255813954
2025-12,25.949367088607595
2026-01,31.05263157894737
2026-02,30.985915492957744
2026-03,32.69230769230769
2026-04,38.144329896907216
2026-05,35.960591133004925
